{
  "type": "minecraft:chest",
  "pools": [
    {
      "rolls": 10,
      "bonus_rolls": 3,
      "entries": [
        {
          "type": "minecraft:item",
          "name": "minecraft:iron_ingot",
          "weight": 2,
          "quality": 3
        },
        {
          "type": "minecraft:item",
          "name": "minecraft:enchanted_book",
          "weight": 1,
          "quality": 1,
          "conditions": [],
          "functions": [
            {
              "function": "minecraft:enchant_randomly",
              "options": [
                "minecraft:fire_aspect",
                "minecraft:efficiency",
                "minecraft:thorns",
                "minecraft:piercing",
                "minecraft:binding_curse"
              ],
              "only_compatible": false
            }
          ]
        },
        {
          "type": "minecraft:item",
          "name": "minecraft:sand",
          "weight": 4,
          "quality": 6
        },
        {
          "type": "minecraft:item",
          "name": "minecraft:bone",
          "weight": 4,
          "quality": 5
        },
        {
          "type": "minecraft:item",
          "name": "minecraft:tnt",
          "weight": 2,
          "quality": 2
        },
        {
          "type": "minecraft:item",
          "name": "minecraft:cobweb",
          "weight": 5,
          "quality": 6
        },
        {
          "type": "minecraft:item",
          "name": "minecraft:gunpowder",
          "weight": 4,
          "quality": 5,
          "conditions": []
        },
        {
          "type": "minecraft:item",
          "name": "minecraft:trial_key",
          "weight": 1,
          "quality": 2,
          "conditions": []
        }
      ],
      "functions": []
    }
  ],
  "functions": []
}