{
  "type": "minecraft:chest",
  "pools": [
    {
      "rolls": 4,
      "bonus_rolls": 1,
      "entries": [
        {
          "type": "minecraft:item",
          "name": "minecraft:enchanted_golden_apple",
          "weight": 1,
          "quality": 1,
          "functions": []
        },
        {
          "type": "minecraft:item",
          "name": "minecraft:golden_apple",
          "weight": 1,
          "quality": 2
        },
        {
          "type": "minecraft:item",
          "name": "minecraft:iron_ingot",
          "weight": 3,
          "quality": 2
        },
        {
          "type": "minecraft:item",
          "name": "minecraft:sand",
          "weight": 3,
          "quality": 4
        }
      ],
      "functions": []
    }
  ],
  "functions": []
}