{
  "type": "minecraft:chest",
  "pools": [
    {
      "rolls": 10,
      "bonus_rolls":3 ,
      "entries": [
        {
          "type": "minecraft:item",
          "name": "minecraft:bordure_indented_banner_pattern",
          "weight": 2,
          "quality": 1,
          "conditions": [],
          "functions": []
        },
        {
          "type": "minecraft:item",
          "name": "minecraft:gold_ingot",
          "weight": 3,
          "quality": 2
        },
        {
          "type": "minecraft:item",
          "name": "minecraft:copper_ingot",
          "weight": 2,
          "quality": 2
        },
        {
          "type": "minecraft:item",
          "name": "minecraft:iron_ingot",
          "weight": 2,
          "quality": 3
        },
        {
          "type": "minecraft:item",
          "name": "minecraft:enchanted_book",
          "weight": 1,
          "quality": 1,
          "conditions": [],
          "functions": [
            {
              "function": "minecraft:enchant_randomly",
              "options": [
                "minecraft:unbreaking",
                "minecraft:luck_of_the_sea"
              ],
              "only_compatible": false
            }
          ]
        },
        {
          "type": "minecraft:item",
          "name": "minecraft:sand",
          "weight": 4,
          "quality": 3
        }
      ],
      "functions": []
    }
  ],
  "functions": []
}