{
  "type": "minecraft:chest",
  "pools": [
    {
      "rolls": 10,
      "bonus_rolls": 3,
      "entries": [
        {
          "type": "minecraft:item",
          "name": "minecraft:lapis_lazuli",
          "weight": 2,
          "quality": 3
        },
        {
          "type": "minecraft:item",
          "name": "minecraft:copper_ingot",
          "weight": 2,
          "quality": 2
        },
        {
          "type": "minecraft:item",
          "name": "minecraft:iron_ingot",
          "weight": 2,
          "quality": 3
        },
        {
          "type": "minecraft:item",
          "name": "minecraft:enchanted_book",
          "weight": 1,
          "quality": 1,
          "conditions": [],
          "functions": [
            {
              "function": "minecraft:enchant_randomly",
              "options": [
                "minecraft:mending",
                "minecraft:vanishing_curse",
                "minecraft:binding_curse"
              ],
              "only_compatible": false
            }
          ]
        },
        {
          "type": "minecraft:item",
          "name": "minecraft:sand",
          "weight": 4,
          "quality": 3
        }
      ],
      "functions": []
    }
  ],
  "functions": []
}